PID,Player,Pos,Team,FF Pts,ADP,Pass Comp,Pass Att,Pass Yds,Pass TD,INT,Rush Att,Rush Yds,Rush TD,Rec,Rec Yds,Rec TD,Pa1D,Ru1D,Rec1D,Fum,XP,FG
moorem4,Matt Moore,QB,MIA,18.430,,25.629,37.271,303.560,1.952,1.064,3.053,8.654,0.062,0.000,0.000,0.000,14.582,0.563,0.000,0.315,0.000,0.000
kesslc1,Cody Kessler,QB,CLE,19.176,,37.471,49.038,381.440,1.700,1.060,0.000,0.000,0.000,0.000,0.000,0.000,19.068,0.000,0.000,0.381,0.000,0.000
maller1,Ryan Mallett,QB,BAL,24.163,,48.619,84.526,467.470,2.150,1.130,0.000,0.000,0.000,0.000,0.000,0.000,23.750,0.000,0.000,0.438,0.000,0.000
petern1,Nathan Peterman,QB,BUF,26.670,,28.774,51.260,322.750,2.050,0.930,10.100,53.098,0.496,0.000,0.000,0.000,15.720,3.457,0.000,0.433,0.000,0.000
tanner1,Ryan Tannehill,QB,MIA,28.310,289,43.889,60.137,455.340,2.928,1.596,4.356,17.307,0.123,0.000,0.000,0.000,22.644,1.127,0.000,0.446,0.000,0.000
lynchp1,Paxton Lynch,QB,DEN,35.431,269,60.078,100.533,626.220,3.255,1.860,5.144,16.623,0.120,0.000,0.000,0.000,31.102,1.082,0.000,0.650,0.000,0.000
pettyb1,Bryce Petty,QB,NYJ,35.645,,70.637,118.440,734.740,3.000,3.740,9.732,34.216,0.000,0.000,0.000,0.000,36.512,2.227,0.000,0.843,0.000,0.000
tolzis1,Scott Tolzien,QB,IND,36.268,,55.800,93.713,518.868,3.888,2.184,13.331,39.000,0.265,0.000,0.000,0.000,26.621,2.539,0.000,0.580,0.000,0.000
hennec1,Chad Henne,QB,JAX,48.352,,67.949,123.254,786.940,4.940,3.460,10.924,38.672,0.321,0.000,0.000,0.000,38.017,2.518,0.000,0.879,0.000,0.000
trubim1,Mitch Trubisky,QB,CHI,91.562,,114.379,251.547,1519.605,9.000,6.570,19.424,86.215,0.515,0.000,0.000,0.000,71.031,5.613,0.000,1.897,0.000,0.000
watsod1,Deshaun Watson,QB,HOU,101.517,150,125.944,231.861,1511.480,7.640,6.080,30.837,152.192,1.710,0.000,0.000,0.000,72.373,9.908,0.000,1.411,0.000,0.000
glennm1,Mike Glennon,QB,CHI,103.384,266,192.221,270.553,1857.295,11.000,8.030,18.647,51.729,0.000,0.000,0.000,0.000,94.228,3.368,0.000,2.010,0.000,0.000
savagt1,Tom Savage,QB,HOU,124.557,275,207.356,330.439,2267.220,11.460,9.120,21.586,66.584,0.540,0.000,0.000,0.000,111.167,4.335,0.000,1.815,0.000,0.000
mccowj1,Josh McCown,QB,NYJ,147.787,,249.363,432.260,2938.960,12.000,14.960,46.229,128.310,0.856,0.000,0.000,0.000,141.356,8.353,0.000,2.909,0.000,0.000
goffj1,Jared Goff,QB,LAR,186.691,231,292.500,504.500,3430.600,18.000,15.000,12.917,39.270,1.870,0.000,0.000,0.000,165.204,2.556,0.000,3.840,0.000,0.000
cutlej1,Jay Cutler,QB,MIA,193.169,214,256.981,399.591,3035.600,19.520,10.640,32.438,147.110,0.861,0.000,0.000,0.000,145.922,9.577,0.000,2.466,0.000,0.000
hoyerb1,Brian Hoyer,QB,SF,196.143,249,309.300,557.300,4050.700,17.300,16.000,17.443,44.133,0.000,0.000,0.000,0.000,189.965,2.873,0.000,3.749,0.000,0.000
siemit1,Trevor Siemian,QB,DEN,202.208,253,293.422,487.467,3548.580,18.445,10.540,20.576,66.492,1.080,0.000,0.000,0.000,169.594,4.329,0.000,2.782,0.000,0.000
bortlb1,Blake Bortles,QB,JAX,205.352,179,281.751,473.446,3147.760,19.760,13.840,31.768,232.032,1.819,0.000,0.000,0.000,153.474,15.105,0.000,3.018,0.000,0.000
kizerd1,DeShone Kizer,QB,CLE,207.373,267,330.529,520.562,3432.960,15.300,9.540,62.269,268.450,1.392,0.000,0.000,0.000,170.667,17.476,0.000,3.631,0.000,0.000
flaccj1,Joe Flacco,QB,BAL,238.839,177,383.881,592.974,4207.230,19.350,10.170,16.514,44.130,2.430,0.000,0.000,0.000,206.162,2.873,0.000,2.752,0.000,0.000
smitha4,Alex Smith,QB,KC,241.628,172,337.500,509.500,3648.100,19.500,7.000,49.959,161.160,3.570,0.000,0.000,0.000,179.419,10.492,0.000,2.916,0.000,0.000
bradfs1,Sam Bradford,QB,MIN,242.793,174,414.100,618.000,4324.000,22.700,11.900,22.697,73.026,0.240,0.000,0.000,0.000,214.650,4.754,0.000,2.955,0.000,0.000
taylot2,Tyrod Taylor,QB,BUF,254.372,132,254.426,400.140,2904.750,18.450,8.370,85.365,570.804,4.960,0.000,0.000,0.000,140.837,37.159,0.000,2.859,0.000,0.000
wentzc1,Carson Wentz,QB,PHI,255.803,135,389.700,617.700,4447.400,22.000,15.000,45.891,151.130,1.884,0.000,0.000,0.000,215.655,9.839,0.000,3.255,0.000,0.000
palmec1,Carson Palmer,QB,ARI,258.290,136,368.000,604.000,4352.800,28.700,14.500,9.243,27.375,0.340,0.000,0.000,0.000,209.171,1.782,0.000,3.200,0.000,0.000
mannie1,Eli Manning,QB,NYG,263.363,117,386.600,616.900,4354.200,30.100,13.400,8.234,22.071,0.000,0.000,0.000,0.000,211.852,1.437,0.000,3.306,0.000,0.000
lucka1,Andrew Luck,QB,IND,268.478,62,313.600,515.687,3805.032,28.512,16.016,55.545,288.600,1.802,0.000,0.000,0.000,181.705,18.788,0.000,2.706,0.000,0.000
riverp1,Philip Rivers,QB,LAC,274.802,104,390.300,607.000,4643.600,31.300,16.300,10.035,29.724,0.000,0.000,0.000,0.000,222.822,1.935,0.000,3.257,0.000,0.000
carrd2,Derek Carr,QB,OAK,280.390,88,376.000,600.500,4133.000,31.500,10.500,42.246,135.642,0.360,0.000,0.000,0.000,202.368,8.830,0.000,2.827,0.000,0.000
winstj1,Jameis Winston,QB,TB,283.964,77,342.200,556.500,4229.400,30.000,16.500,46.350,188.800,2.500,0.000,0.000,0.000,201.068,12.291,0.000,3.046,0.000,0.000
prescd1,Dak Prescott,QB,DAL,284.194,90,329.000,495.700,3828.000,26.000,10.000,47.325,254.461,4.500,0.000,0.000,0.000,184.711,16.565,0.000,2.686,0.000,0.000
daltoa1,Andy Dalton,QB,CIN,284.252,127,348.900,532.300,4290.100,25.700,11.100,38.423,167.679,3.491,0.000,0.000,0.000,204.207,10.916,0.000,2.833,0.000,0.000
staffm1,Matthew Stafford,QB,DET,287.322,102,391.000,609.400,4440.800,26.300,9.100,42.482,195.480,1.620,0.000,0.000,0.000,215.600,12.726,0.000,3.289,0.000,0.000
cousik1,Kirk Cousins,QB,WAS,287.869,81,399.500,586.400,4612.200,26.400,11.800,24.701,73.503,3.350,0.000,0.000,0.000,222.990,4.785,0.000,3.035,0.000,0.000
roethb1,Ben Roethlisberger,QB,PIT,291.639,91,421.200,631.200,4918.400,32.900,17.000,9.313,24.591,0.000,0.000,0.000,0.000,237.112,1.601,0.000,2.578,0.000,0.000
ryanm1,Matt Ryan,QB,ATL,292.064,50,392.000,579.000,4780.000,29.500,12.000,29.049,88.500,0.495,0.000,0.000,0.000,227.987,5.761,0.000,2.478,0.000,0.000
newtoc1,Cam Newton,QB,CAR,292.416,71,311.000,536.300,3887.700,26.300,14.500,82.172,358.400,5.250,0.000,0.000,0.000,184.321,23.332,0.000,3.316,0.000,0.000
wilsor1,Russell Wilson,QB,SEA,301.265,58,350.500,528.000,4241.500,28.500,10.000,105.497,371.532,1.125,0.000,0.000,0.000,202.679,24.187,0.000,3.149,0.000,0.000
mariom1,Marcus Mariota,QB,TEN,304.767,80,327.100,535.100,4203.400,31.400,13.800,57.226,333.387,1.904,0.000,0.000,0.000,197.995,21.703,0.000,3.066,0.000,0.000
breesd1,Drew Brees,QB,NO,319.328,36,462.700,666.700,5138.300,34.300,14.700,4.970,17.500,1.630,0.000,0.000,0.000,250.918,1.139,0.000,2.767,0.000,0.000
rodgea1,Aaron Rodgers,QB,GB,341.971,21,366.700,576.300,4281.900,36.300,7.300,67.901,328.086,2.310,0.000,0.000,0.000,206.428,21.358,0.000,3.287,0.000,0.000
bradyt1,Tom Brady,QB,NE,355.214,26,402.600,619.500,5092.300,40.300,6.600,21.008,48.666,0.745,0.000,0.000,0.000,240.760,3.168,0.000,2.907,0.000,0.000
dimarp1,Patrick DiMarco,RB,BUF,2.760,,0.000,0.000,0.000,0.000,0.000,3.232,13.275,0.248,0.000,0.000,0.000,0.000,0.665,0.000,0.028,0.000,0.000
proscj1,Jay Prosch,RB,HOU,3.682,,0.000,0.000,0.000,0.000,0.000,3.084,9.512,0.000,1.667,11.336,0.000,0.000,0.477,0.522,0.035,0.000,0.000
lascod1,Daniel Lasco,RB,NO,4.187,,0.000,0.000,0.000,0.000,0.000,12.424,43.750,0.000,0.000,0.000,0.000,0.000,2.192,0.000,0.094,0.000,0.000
thompj1,Juwan Thompson,RB,DEN,4.600,,0.000,0.000,0.000,0.000,0.000,9.496,33.246,0.240,0.000,0.000,0.000,0.000,1.666,0.000,0.082,0.000,0.000
davisk2,Knile Davis,RB,PIT,5.055,,0.000,0.000,0.000,0.000,0.000,12.418,32.788,0.318,0.000,0.000,0.000,0.000,1.643,0.000,0.066,0.000,0.000
artisc1,Cameron Artis-Payne,RB,CAR,5.746,,0.000,0.000,0.000,0.000,0.000,9.365,40.960,0.300,0.000,0.000,0.000,0.000,2.052,0.000,0.075,0.000,0.000
collia2,Alex Collins,RB,SEA,6.416,,0.000,0.000,0.000,0.000,0.000,8.963,35.384,0.500,0.000,0.000,0.000,0.000,1.773,0.000,0.061,0.000,0.000
muhamk1,Khalfani Muhammad,RB,TEN,7.150,,0.000,0.000,0.000,0.000,0.000,10.863,39.222,0.564,0.000,0.000,0.000,0.000,1.965,0.000,0.078,0.000,0.000
atking1,George Atkinson,RB,OAK,8.117,,0.000,0.000,0.000,0.000,0.000,16.057,83.472,0.000,0.000,0.000,0.000,0.000,4.182,0.000,0.115,0.000,0.000
peermc1,Cedric Peerman,RB,CIN,8.553,,0.000,0.000,0.000,0.000,0.000,17.077,55.893,0.537,0.000,0.000,0.000,0.000,2.800,0.000,0.129,0.000,0.000
tolbem1,Mike Tolbert,RB,BUF,9.518,,0.000,0.000,0.000,0.000,0.000,14.885,53.098,0.744,0.000,0.000,0.000,0.000,2.660,0.000,0.128,0.000,0.000
smithr4,Rod Smith,RB,DAL,11.561,,0.000,0.000,0.000,0.000,0.000,10.858,44.254,0.360,3.290,19.140,0.000,0.000,2.217,0.887,0.114,0.000,0.000
vitald1,Dan Vitale,RB,CLE,13.177,,0.000,0.000,0.000,0.000,0.000,0.000,0.000,0.000,7.588,57.216,0.000,0.000,0.000,2.627,0.066,0.000,0.000
janova1,Andy Janovich,RB,DEN,14.516,,0.000,0.000,0.000,0.000,0.000,0.000,0.000,0.000,7.070,62.622,0.217,0.000,0.000,2.861,0.059,0.000,0.000
hended2,De'Angelo Henderson,RB,DEN,14.740,,0.000,0.000,0.000,0.000,0.000,28.806,116.361,0.600,0.000,0.000,0.000,0.000,5.830,0.000,0.248,0.000,0.000
mcnicj1,Jeremy McNichols,RB,TB,16.307,,0.000,0.000,0.000,0.000,0.000,7.986,37.760,0.000,6.743,42.294,0.300,0.000,1.892,1.955,0.121,0.000,0.000
cadett1,Travaris Cadet,RB,NO,16.325,,0.000,0.000,0.000,0.000,0.000,0.000,0.000,0.000,9.254,51.383,0.343,0.000,0.000,2.387,0.063,0.000,0.000
ripkoa1,Aaron Ripkowski,RB,GB,16.943,,0.000,0.000,0.000,0.000,0.000,18.836,72.908,1.650,0.000,0.000,0.000,0.000,3.653,0.000,0.124,0.000,0.000
washid2,Dwayne Washington,RB,DET,17.997,,0.000,0.000,0.000,0.000,0.000,14.671,36.200,0.405,7.820,44.408,0.000,0.000,1.814,2.061,0.157,0.000,0.000
kuhnj2,John Kuhn,RB,NO,18.020,,0.000,0.000,0.000,0.000,0.000,9.940,35.000,2.445,0.000,0.000,0.000,0.000,1.754,0.000,0.075,0.000,0.000
careyk1,KaDeem Carey,RB,CHI,18.725,,0.000,0.000,0.000,0.000,0.000,26.046,94.837,0.309,4.599,33.769,0.000,0.000,4.751,1.552,0.294,0.000,0.000
toussf1,Fitzgerald Toussaint,RB,PIT,19.637,,0.000,0.000,0.000,0.000,0.000,17.984,65.576,0.954,4.150,24.592,0.165,0.000,3.285,1.139,0.122,0.000,0.000
olawaj1,Jamize Olawale,RB,OAK,21.111,,0.000,0.000,0.000,0.000,0.000,0.000,0.000,0.000,11.113,82.660,0.315,0.000,0.000,3.797,0.079,0.000,0.000
banyaj1,Joe Banyard,RB,BUF,21.407,,0.000,0.000,0.000,0.000,0.000,24.241,92.922,1.240,2.905,16.138,0.103,0.000,4.655,0.750,0.231,0.000,0.000
jonesa2,Aaron Jones,RB,GB,21.571,283,0.000,0.000,0.000,0.000,0.000,38.781,127.589,0.440,3.509,21.410,0.182,0.000,6.392,0.991,0.285,0.000,0.000
hunta1,Akeem Hunt,RB,HOU,21.874,,0.000,0.000,0.000,0.000,0.000,13.580,76.096,0.180,6.666,56.681,0.191,0.000,3.812,2.593,0.148,0.000,0.000
morria1,Alfred Morris,RB,DAL,22.393,232,0.000,0.000,0.000,0.000,0.000,40.468,154.889,1.260,0.000,0.000,0.000,0.000,7.760,0.000,0.328,0.000,0.000
gallmw1,Wayne Gallman,RB,NYG,22.722,,0.000,0.000,0.000,0.000,0.000,35.132,117.712,0.750,3.925,21.771,0.151,0.000,5.897,1.011,0.279,0.000,0.000
mcguie1,Elijah McGuire,RB,NYJ,24.800,,0.000,0.000,0.000,0.000,0.000,34.517,119.756,0.428,6.368,36.737,0.150,0.000,6.000,1.704,0.343,0.000,0.000
brownm4,Malcolm Brown,RB,LAR,25.301,,0.000,0.000,0.000,0.000,0.000,32.293,98.175,0.770,5.879,51.459,0.090,0.000,4.919,2.352,0.351,0.000,0.000
farrok1,Kenneth Farrow,RB,LAC,26.750,,0.000,0.000,0.000,0.000,0.000,37.632,118.896,0.218,7.767,46.436,0.313,0.000,5.957,2.150,0.368,0.000,0.000
mackm1,Marlon Mack,RB,IND,29.061,230,0.000,0.000,0.000,0.000,0.000,25.596,93.600,0.424,9.235,64.859,0.324,0.000,4.689,2.985,0.254,0.000,0.000
johnsc4,Chris Johnson,RB,ARI,31.692,282,0.000,0.000,0.000,0.000,0.000,58.377,219.000,1.785,0.000,0.000,0.000,0.000,10.972,0.000,0.459,0.000,0.000
wardt1,Terron Ward,RB,ATL,32.497,,0.000,0.000,0.000,0.000,0.000,29.904,132.750,0.495,7.801,71.700,0.295,0.000,6.651,3.272,0.245,0.000,0.000
connej2,James Conner,RB,PIT,36.823,227,0.000,0.000,0.000,0.000,0.000,49.670,163.940,1.484,6.225,49.184,0.165,0.000,8.213,2.255,0.304,0.000,0.000
whittf1,Fozzy Whittaker,RB,CAR,37.636,,0.000,0.000,0.000,0.000,0.000,10.072,51.200,0.450,15.396,116.631,0.526,0.000,2.565,5.354,0.200,0.000,0.000
zennez1,Zach Zenner,RB,DET,38.202,274,0.000,0.000,0.000,0.000,0.000,32.469,101.360,1.080,11.730,88.816,0.263,0.000,5.078,4.077,0.302,0.000,0.000
dayesm1,Matthew Dayes,RB,CLE,40.006,,0.000,0.000,0.000,0.000,0.000,36.787,123.900,1.392,11.381,76.288,0.170,0.000,6.207,3.517,0.383,0.000,0.000
talial1,Lorenzo Taliaferro,RB,BAL,42.610,,0.000,0.000,0.000,0.000,0.000,24.220,80.905,0.791,17.300,116.868,0.215,0.000,4.053,5.386,0.252,0.000,0.000
westc2,Charcandrick West,RB,KC,43.099,,0.000,0.000,0.000,0.000,0.000,42.367,151.680,1.700,10.125,72.962,0.195,0.000,7.599,3.355,0.430,0.000,0.000
drakek1,Kenyan Drake,RB,MIA,43.106,276,0.000,0.000,0.000,0.000,0.000,35.459,181.724,1.292,8.122,75.890,0.366,0.000,9.104,3.462,0.363,0.000,0.000
cunnib2,Benny Cunningham,RB,CHI,44.301,,0.000,0.000,0.000,0.000,0.000,11.631,51.729,0.206,21.462,135.076,0.600,0.000,2.592,6.242,0.339,0.000,0.000
pumphd1,Donnel Pumphrey,RB,PHI,45.277,,0.000,0.000,0.000,0.000,0.000,37.558,142.240,0.942,13.640,111.185,0.220,0.000,7.126,5.092,0.339,0.000,0.000
willik3,Kerwynn Williams,RB,ARI,46.603,,0.000,0.000,0.000,0.000,0.000,21.952,173.375,1.360,11.208,87.056,0.287,0.000,8.686,3.993,0.265,0.000,0.000
langfj1,Jeremy Langford,RB,CHI,51.173,265,0.000,0.000,0.000,0.000,0.000,69.366,206.916,2.472,9.198,67.538,0.200,0.000,10.366,3.104,0.751,0.000,0.000
lewisd1,Dion Lewis,RB,NE,51.466,176,0.000,0.000,0.000,0.000,0.000,42.757,145.998,0.298,18.117,152.769,0.403,0.000,7.315,6.989,0.367,0.000,0.000
dunbal1,Lance Dunbar,RB,LAR,51.616,,0.000,0.000,0.000,0.000,0.000,33.751,117.810,0.550,20.578,137.224,0.540,0.000,5.902,6.327,0.503,0.000,0.000
willij11,Joe Williams,RB,SF,51.742,181,0.000,0.000,0.000,0.000,0.000,86.518,273.622,1.300,9.097,81.014,0.173,0.000,13.708,3.701,0.828,0.000,0.000
ivoryc1,Chris Ivory,RB,JAX,53.104,268,0.000,0.000,0.000,0.000,0.000,48.038,212.696,1.284,12.489,98.368,0.494,0.000,10.656,4.510,0.580,0.000,0.000
juszck1,Kyle Juszczyk,RB,SF,58.287,,0.000,0.000,0.000,0.000,0.000,14.272,52.959,0.000,24.259,243.042,0.865,0.000,2.653,11.068,0.381,0.000,0.000
willij10,Jamaal Williams,RB,GB,60.466,164,0.000,0.000,0.000,0.000,0.000,105.263,346.313,2.310,7.018,42.819,0.363,0.000,17.350,1.981,0.752,0.000,0.000
darkwo1,Orleans Darkwa,RB,NYG,60.627,,0.000,0.000,0.000,0.000,0.000,97.918,323.708,2.625,7.850,43.542,0.301,0.000,16.218,2.023,0.752,0.000,0.000
allenj2,Javorius Allen,RB,BAL,61.037,286,0.000,0.000,0.000,0.000,0.000,48.084,161.810,1.243,21.625,140.241,0.430,0.000,8.107,6.473,0.416,0.000,0.000
perins1,Samaje Perine,RB,WAS,67.024,124,0.000,0.000,0.000,0.000,0.000,122.954,457.352,2.345,5.993,32.285,0.000,0.000,22.913,1.502,1.001,0.000,0.000
foremd1,Donta Foreman,RB,HOU,68.237,187,0.000,0.000,0.000,0.000,0.000,106.081,409.016,1.530,9.999,75.574,0.382,0.000,20.492,3.469,0.847,0.000,0.000
booked1,Devontae Booker,RB,DEN,72.228,246,0.000,0.000,0.000,0.000,0.000,85.555,324.149,1.680,17.675,125.244,0.217,0.000,16.240,5.762,0.884,0.000,0.000
willid9,Damien Williams,RB,MIA,72.505,,0.000,0.000,0.000,0.000,0.000,36.238,112.496,2.952,17.868,170.753,1.586,0.000,5.636,7.785,0.458,0.000,0.000
burkhr1,Rex Burkhead,RB,NE,72.828,156,0.000,0.000,0.000,0.000,0.000,90.381,324.440,4.321,8.052,50.923,0.403,0.000,16.254,2.353,0.552,0.000,0.000
smallw1,Wendell Smallwood,RB,PHI,78.028,243,0.000,0.000,0.000,0.000,0.000,104.278,426.720,3.297,9.743,66.711,0.110,0.000,21.379,3.073,0.750,0.000,0.000
ellina1,Andre Ellington,RB,ARI,78.850,,0.000,0.000,0.000,0.000,0.000,21.567,63.875,0.340,24.284,348.224,2.009,0.000,3.200,15.738,0.369,0.000,0.000
rodgej1,Jacquizz Rodgers,RB,TB,80.925,140,0.000,0.000,0.000,0.000,0.000,89.687,490.880,2.200,10.114,84.588,0.300,0.000,24.593,3.871,0.868,0.000,0.000
hillj5,Jeremy Hill,RB,CIN,90.306,131,0.000,0.000,0.000,0.000,0.000,112.963,465.775,5.997,5.234,42.901,0.000,0.000,23.335,1.964,0.889,0.000,0.000
oliveb1,Branden Oliver,RB,LAC,91.192,,0.000,0.000,0.000,0.000,0.000,78.274,289.809,1.472,27.185,232.180,0.783,0.000,14.519,10.619,0.861,0.000,0.000
rawlst1,Thomas Rawls,RB,SEA,91.761,126,0.000,0.000,0.000,0.000,0.000,152.388,477.684,4.250,10.515,84.830,0.285,0.000,23.932,3.886,1.108,0.000,0.000
hightt1,Tim Hightower,RB,SF,93.136,233,0.000,0.000,0.000,0.000,0.000,139.704,485.458,3.899,12.129,101.268,0.260,0.000,24.321,4.635,1.310,0.000,0.000
mckinj1,Jerick McKinnon,RB,MIN,96.262,263,0.000,0.000,0.000,0.000,0.000,69.187,251.534,1.560,37.645,216.200,0.681,0.000,12.602,10.028,0.801,0.000,0.000
turbir1,Robert Turbin,RB,IND,98.748,234,0.000,0.000,0.000,0.000,0.000,64.185,218.400,5.035,25.858,172.956,0.810,0.000,10.942,7.974,0.658,0.000,0.000
kamara1,Alvin Kamara,RB,NO,100.567,182,0.000,0.000,0.000,0.000,0.000,23.855,105.000,0.000,41.643,359.681,2.230,0.000,5.261,16.445,0.462,0.000,0.000
richaj1,Jalen Richard,RB,OAK,104.313,241,0.000,0.000,0.000,0.000,0.000,57.563,365.190,0.900,31.488,227.315,1.575,0.000,18.296,10.452,0.638,0.000,0.000
bernag1,Giovani Bernard,RB,CIN,105.767,163,0.000,0.000,0.000,0.000,0.000,78.391,316.727,2.685,31.401,235.956,0.771,0.000,15.868,10.834,0.819,0.000,0.000
simsc1,Charles Sims,RB,TB,108.806,208,0.000,0.000,0.000,0.000,0.000,59.899,226.560,0.500,43.829,338.352,1.200,0.000,11.351,15.522,0.857,0.000,0.000
murral1,Latavius Murray,RB,MIN,109.695,122,0.000,0.000,0.000,0.000,0.000,89.868,389.472,4.560,25.097,172.960,0.454,0.000,19.513,7.966,0.865,0.000,0.000
yeldot1,T.J. Yeldon,RB,JAX,109.771,244,0.000,0.000,0.000,0.000,0.000,68.715,290.040,0.642,42.820,295.103,1.112,0.000,14.531,13.591,1.044,0.000,0.000
lacye1,Eddie Lacy,RB,SEA,112.054,82,0.000,0.000,0.000,0.000,0.000,110.485,548.452,4.500,17.525,127.245,0.285,0.000,27.477,5.849,0.875,0.000,0.000
blounl1,LeGarrette Blount,RB,PHI,117.360,89,0.000,0.000,0.000,0.000,0.000,167.760,657.860,7.693,3.897,31.132,0.110,0.000,32.959,1.427,1.127,0.000,0.000
perkip1,Paul Perkins,RB,NYG,118.342,83,0.000,0.000,0.000,0.000,0.000,184.037,669.487,3.000,19.624,130.626,0.602,0.000,33.541,6.024,1.453,0.000,0.000
washid1,DeAndre Washington,RB,OAK,119.639,218,0.000,0.000,0.000,0.000,0.000,107.156,615.606,2.280,24.079,165.320,0.945,0.000,30.842,7.615,0.941,0.000,0.000
prosic1,C.J. Prosise,RB,SEA,120.870,128,0.000,0.000,0.000,0.000,0.000,44.127,247.688,2.125,43.813,339.320,1.140,0.000,12.409,15.565,0.617,0.000,0.000
willij8,Jonathan Williams,RB,BUF,122.414,225,0.000,0.000,0.000,0.000,0.000,153.181,584.078,5.952,20.332,96.825,0.205,0.000,29.262,4.531,1.475,0.000,0.000
huntk1,Kareem Hunt,RB,KC,126.109,112,0.000,0.000,0.000,0.000,0.000,136.360,549.840,3.485,28.688,218.886,0.390,0.000,27.547,10.046,1.351,0.000,0.000
keller1,Rob Kelley,RB,WAS,131.035,99,0.000,0.000,0.000,0.000,0.000,184.693,767.698,5.427,13.983,92.244,0.264,0.000,38.462,4.255,1.544,0.000,0.000
verees1,Shane Vereen,RB,NYG,132.631,186,0.000,0.000,0.000,0.000,0.000,68.790,294.280,1.125,47.098,348.336,2.709,0.000,14.743,16.003,0.866,0.000,0.000
petera2,Adrian Peterson,RB,NO,135.602,76,0.000,0.000,0.000,0.000,0.000,223.639,787.500,7.661,9.254,51.383,0.000,0.000,39.454,2.387,1.753,0.000,0.000
henryd1,Derrick Henry,RB,TEN,136.595,100,0.000,0.000,0.000,0.000,0.000,148.608,637.358,6.275,17.991,168.136,0.471,0.000,31.932,7.670,1.211,0.000,0.000
thompc1,Chris Thompson,RB,WAS,137.877,191,0.000,0.000,0.000,0.000,0.000,66.053,343.014,2.345,47.940,322.854,1.848,0.000,17.185,14.881,0.904,0.000,0.000
stewaj3,Jonathan Stewart,RB,CAR,138.336,109,0.000,0.000,0.000,0.000,0.000,213.077,880.640,6.450,7.698,58.316,0.263,0.000,44.120,2.677,1.768,0.000,0.000
fortem1,Matt Forte,RB,NYJ,141.796,106,0.000,0.000,0.000,0.000,0.000,190.897,658.658,5.350,25.473,183.685,0.600,0.000,32.999,8.446,1.806,0.000,0.000
charlj1,Jamaal Charles,RB,DEN,149.126,133,0.000,0.000,0.000,0.000,0.000,83.331,299.214,3.000,44.188,396.606,3.255,0.000,14.991,18.113,1.087,0.000,0.000
mcfadd1,Darren McFadden,RB,DAL,151.285,123,0.000,0.000,0.000,0.000,0.000,188.151,741.255,4.410,29.610,191.400,0.910,0.000,37.137,8.836,1.756,0.000,0.000
martid2,Doug Martin,RB,TB,161.194,85,0.000,0.000,0.000,0.000,0.000,249.577,944.000,4.850,21.914,169.176,0.600,0.000,47.294,7.761,2.369,0.000,0.000
gillim1,Mike Gillislee,RB,NE,162.253,72,0.000,0.000,0.000,0.000,0.000,176.813,778.656,9.238,16.104,101.846,0.806,0.000,39.011,4.706,1.083,0.000,0.000
whitej4,James White,RB,NE,163.578,113,0.000,0.000,0.000,0.000,0.000,71.565,235.219,0.298,58.377,585.615,3.829,0.000,11.784,26.667,0.822,0.000,0.000
anderc2,C.J. Anderson,RB,DEN,166.687,57,0.000,0.000,0.000,0.000,0.000,188.393,806.216,5.280,26.513,250.488,1.085,0.000,40.391,11.424,1.843,0.000,0.000
westt1,Terrance West,RB,BAL,168.509,103,0.000,0.000,0.000,0.000,0.000,199.711,713.435,5.876,32.438,257.109,1.075,0.000,35.743,11.785,1.345,0.000,0.000
sprold1,Darren Sproles,RB,PHI,172.011,120,0.000,0.000,0.000,0.000,0.000,85.012,400.050,1.884,56.507,489.214,2.860,0.000,20.043,22.365,0.943,0.000,0.000
johnsd11,Duke Johnson,RB,CLE,173.953,111,0.000,0.000,0.000,0.000,0.000,114.862,505.925,1.624,58.804,514.944,1.020,0.000,25.347,23.534,1.401,0.000,0.000
goref1,Frank Gore,RB,IND,174.109,78,0.000,0.000,0.000,0.000,0.000,241.942,920.400,3.074,35.093,237.815,1.458,0.000,46.112,10.959,1.999,0.000,0.000
colemt1,Tevin Coleman,RB,ATL,176.725,70,0.000,0.000,0.000,0.000,0.000,141.029,566.400,6.435,37.055,334.600,2.213,0.000,28.377,15.279,1.159,0.000,0.000
riddit1,Theo Riddick,RB,DET,183.945,98,0.000,0.000,0.000,0.000,0.000,99.812,318.560,1.260,66.470,488.488,5.260,0.000,15.960,22.447,1.175,0.000,0.000
lynchm1,Marshawn Lynch,RB,OAK,185.928,30,0.000,0.000,0.000,0.000,0.000,220.978,886.890,8.460,25.931,165.320,1.260,0.000,44.433,7.636,1.772,0.000,0.000
ingram1,Mark Ingram,RB,NO,186.064,54,0.000,0.000,0.000,0.000,0.000,127.472,761.250,4.564,43.957,308.298,1.715,0.000,38.139,14.190,1.261,0.000,0.000
hydec1,Carlos Hyde,RB,SF,187.685,40,0.000,0.000,0.000,0.000,0.000,236.764,909.130,6.102,33.356,263.296,0.865,0.000,45.547,12.071,2.358,0.000,0.000
powelb1,Bilal Powell,RB,NYJ,187.704,65,0.000,0.000,0.000,0.000,0.000,144.270,735.644,3.959,52.537,349.002,1.050,0.000,36.856,16.095,1.676,0.000,0.000
woodhd1,Danny Woodhead,RB,BAL,187.782,69,0.000,0.000,0.000,0.000,0.000,81.145,441.300,0.961,73.525,514.217,2.473,0.000,22.109,23.669,0.949,0.000,0.000
abdula1,Ameer Abdullah,RB,DET,189.299,74,0.000,0.000,0.000,0.000,0.000,172.566,796.400,4.635,39.100,266.448,3.156,0.000,39.900,12.276,1.416,0.000,0.000
wares1,Spencer Ware,RB,KC,189.398,53,0.000,0.000,0.000,0.000,0.000,169.844,786.840,5.695,35.438,310.089,2.243,0.000,39.421,14.172,1.681,0.000,0.000
ellioe1,Ezekiel Elliott,RB,DAL,189.614,12,0.000,0.000,0.000,0.000,0.000,184.897,1017.842,7.470,21.385,210.540,0.650,0.000,50.994,9.592,1.665,0.000,0.000
mixonj1,Joe Mixon,RB,CIN,198.136,47,0.000,0.000,0.000,0.000,0.000,204.920,838.395,4.923,47.102,321.758,1.542,0.000,42.004,14.823,1.886,0.000,0.000
mccafc1,Christian McCaffrey,RB,CAR,201.174,33,0.000,0.000,0.000,0.000,0.000,174.814,716.800,2.550,55.426,466.524,2.630,0.000,35.912,21.346,1.833,0.000,0.000
cookd1,Dalvin Cook,RB,MIN,202.143,48,0.000,0.000,0.000,0.000,0.000,221.930,892.540,5.640,46.011,302.680,1.135,0.000,44.716,13.964,2.020,0.000,0.000
millel2,Lamar Miller,RB,HOU,205.026,27,0.000,0.000,0.000,0.000,0.000,288.832,1189.000,5.040,33.330,226.722,0.764,0.000,59.569,10.446,2.350,0.000,0.000
montgt1,Ty Montgomery,RB,GB,208.148,44,0.000,0.000,0.000,0.000,0.000,171.523,893.123,4.180,47.373,385.371,1.815,0.000,44.745,17.651,1.522,0.000,0.000
crowei1,Isaiah Crowell,RB,CLE,213.442,32,0.000,0.000,0.000,0.000,0.000,241.484,1042.825,7.076,39.835,267.008,0.765,0.000,52.246,12.309,2.211,0.000,0.000
fournl1,Leonard Fournette,RB,JAX,216.035,24,0.000,0.000,0.000,0.000,0.000,253.437,1121.488,6.634,37.468,255.756,1.112,0.000,56.187,11.783,2.817,0.000,0.000
howarj1,Jordan Howard,RB,CHI,218.191,16,0.000,0.000,0.000,0.000,0.000,255.886,1232.875,6.798,27.594,253.268,1.100,0.000,61.767,11.560,2.703,0.000,0.000
gurlet2,Todd Gurley,RB,LAR,218.429,20,0.000,0.000,0.000,0.000,0.000,290.116,935.935,7.260,42.626,377.366,1.170,0.000,46.890,17.241,3.054,0.000,0.000
murrad1,DeMarco Murray,RB,TEN,225.221,14,0.000,0.000,0.000,0.000,0.000,224.902,951.134,5.358,49.065,378.306,2.512,0.000,47.652,17.356,2.004,0.000,0.000
ajayij1,Jay Ajayi,RB,MIA,236.369,15,0.000,0.000,0.000,0.000,0.000,271.456,1254.758,6.950,38.985,265.615,1.464,0.000,62.863,12.238,2.569,0.000,0.000
freemd1,Devonta Freeman,RB,ATL,244.301,8,0.000,0.000,0.000,0.000,0.000,212.465,920.400,9.075,52.657,406.300,1.328,0.000,46.112,18.640,1.722,0.000,0.000
gordom1,Melvin Gordon,RB,LAC,259.777,9,0.000,0.000,0.000,0.000,0.000,270.359,1047.771,9.211,50.487,441.142,1.722,0.000,52.493,20.162,2.600,0.000,0.000
mccoyl2,LeSean McCoy,RB,BUF,274.405,6,0.000,0.000,0.000,0.000,0.000,205.941,1221.254,11.160,46.474,338.888,1.538,0.000,61.185,15.576,2.136,0.000,0.000
belll1,LeVeon Bell,RB,PIT,356.686,2,0.000,0.000,0.000,0.000,0.000,314.386,1344.308,7.844,87.145,786.944,2.303,0.000,67.350,35.934,2.233,0.000,0.000
johnsd12,David Johnson,RB,ARI,372.513,1,0.000,0.000,0.000,0.000,0.000,308.198,1286.625,13.175,70.985,739.976,4.305,0.000,64.460,33.664,3.006,0.000,0.000
bellaj1,Josh Bellamy,WR,CHI,7.577,,0.000,0.000,0.000,0.000,0.000,0.000,0.000,0.000,3.066,33.769,0.200,0.000,0.000,1.787,0.033,0.000,0.000
grantr3,Ryan Grant,WR,WAS,8.541,,0.000,0.000,0.000,0.000,0.000,0.000,0.000,0.000,3.995,46.122,0.000,0.000,0.000,2.387,0.033,0.000,0.000
latimc1,Cody Latimer,WR,DEN,8.951,,0.000,0.000,0.000,0.000,0.000,0.000,0.000,0.000,3.535,41.748,0.217,0.000,0.000,2.138,0.030,0.000,0.000
holtoj1,Johnny Holton,WR,OAK,9.675,,0.000,0.000,0.000,0.000,0.000,0.000,0.000,0.000,3.704,41.330,0.315,0.000,0.000,2.174,0.026,0.000,0.000
billij1,Jace Billingsley,WR,DET,9.865,,0.000,0.000,0.000,0.000,0.000,0.000,0.000,0.000,3.910,44.408,0.263,0.000,0.000,2.316,0.032,0.000,0.000
amendd1,Danny Amendola,WR,NE,11.476,293,0.000,0.000,0.000,0.000,0.000,0.000,0.000,0.000,4.026,50.923,0.403,0.000,0.000,2.527,0.030,0.000,0.000
carrol1,Leonte Carroo,WR,MIA,11.941,,0.000,0.000,0.000,0.000,0.000,0.000,0.000,0.000,4.873,56.918,0.244,0.000,0.000,2.929,0.044,0.000,0.000
switzr1,Ryan Switzer,WR,DAL,14.132,,0.000,0.000,0.000,0.000,0.000,0.000,0.000,0.000,6.580,76.560,0.000,0.000,0.000,3.947,0.052,0.000,0.000
powelw2,Walter Powell,WR,BUF,14.630,,0.000,0.000,0.000,0.000,0.000,0.000,0.000,0.000,5.809,64.550,0.410,0.000,0.000,3.402,0.047,0.000,0.000
coopep1,Pharoh Cooper,WR,LAR,14.790,,0.000,0.000,0.000,0.000,0.000,0.000,0.000,0.000,5.879,68.612,0.360,0.000,0.000,3.533,0.055,0.000,0.000
wheatm1,Markus Wheaton,WR,CHI,15.154,,0.000,0.000,0.000,0.000,0.000,0.000,0.000,0.000,6.132,67.538,0.400,0.000,0.000,3.574,0.066,0.000,0.000
campam1,Michael Campanaro,WR,BAL,15.352,,0.000,0.000,0.000,0.000,0.000,0.000,0.000,0.000,6.488,70.121,0.323,0.000,0.000,3.745,0.043,0.000,0.000
whitel3,Lucky Whitehead,WR,NYJ,15.395,,0.000,0.000,0.000,0.000,0.000,0.000,0.000,0.000,6.368,73.474,0.300,0.000,0.000,3.803,0.060,0.000,0.000
huffj1,Josh Huff,WR,TB,15.687,,0.000,0.000,0.000,0.000,0.000,0.000,0.000,0.000,6.743,63.441,0.450,0.000,0.000,3.634,0.050,0.000,0.000
thomad7,DeAnthony Thomas,WR,KC,16.279,,0.000,0.000,0.000,0.000,0.000,0.000,0.000,0.000,6.750,72.962,0.390,0.000,0.000,3.897,0.054,0.000,0.000
corec1,Cody Core,WR,CIN,16.998,,0.000,0.000,0.000,0.000,0.000,0.000,0.000,0.000,6.978,85.802,0.257,0.000,0.000,4.313,0.051,0.000,0.000
benna1,Arrelious Benn,WR,JAX,17.849,,0.000,0.000,0.000,0.000,0.000,0.000,0.000,0.000,7.137,78.694,0.494,0.000,0.000,4.162,0.061,0.000,0.000
lewisr1,Roger Lewis,WR,NYG,18.236,,0.000,0.000,0.000,0.000,0.000,0.000,0.000,0.000,7.850,87.084,0.301,0.000,0.000,4.593,0.064,0.000,0.000
burbra1,Aaron Burbridge,WR,SF,19.176,,0.000,0.000,0.000,0.000,0.000,0.000,0.000,0.000,6.065,101.268,0.519,0.000,0.000,4.480,0.065,0.000,0.000
lewist2,Tommylee Lewis,WR,NO,19.405,,0.000,0.000,0.000,0.000,0.000,0.000,0.000,0.000,9.254,102.766,0.000,0.000,0.000,5.417,0.063,0.000,0.000
janisj1,Jeff Janis,WR,GB,19.474,,0.000,0.000,0.000,0.000,0.000,2.308,18.227,0.000,7.018,64.229,0.726,0.000,0.756,3.733,0.073,0.000,0.000
wrighj2,Jarius Wright,WR,MIN,19.617,,0.000,0.000,0.000,0.000,0.000,0.000,0.000,0.000,8.366,86.480,0.454,0.000,0.000,4.721,0.061,0.000,0.000
quickb1,Brian Quick,WR,WAS,20.253,,0.000,0.000,0.000,0.000,0.000,0.000,0.000,0.000,7.990,92.244,0.528,0.000,0.000,4.773,0.065,0.000,0.000
moorec1,Chris Moore,WR,BAL,20.464,,0.000,0.000,0.000,0.000,0.000,0.000,0.000,0.000,8.650,93.494,0.430,0.000,0.000,4.993,0.058,0.000,0.000
willin1,Nick Williams,WR,ATL,20.788,,0.000,0.000,0.000,0.000,0.000,0.000,0.000,0.000,7.801,95.600,0.590,0.000,0.000,4.812,0.057,0.000,0.000
higgir1,Rashard Higgins,WR,CLE,20.850,,0.000,0.000,0.000,0.000,0.000,0.000,0.000,0.000,11.381,76.288,0.340,0.000,0.000,5.289,0.100,0.000,0.000
williw1,Wendell Williams,WR,HOU,24.470,,0.000,0.000,0.000,0.000,0.000,0.000,0.000,0.000,13.332,113.361,0.000,0.000,0.000,6.854,0.099,0.000,0.000
westbd1,Dede Westbrook,WR,JAX,26.771,287,0.000,0.000,0.000,0.000,0.000,0.000,0.000,0.000,10.705,118.041,0.741,0.000,0.000,6.243,0.092,0.000,0.000
hamilc1,Cobi Hamilton,WR,PIT,27.474,,0.000,0.000,0.000,0.000,0.000,0.000,0.000,0.000,10.374,122.960,0.823,0.000,0.000,6.285,0.067,0.000,0.000
fowleb1,Bennie Fowler,WR,DEN,27.862,,0.000,0.000,0.000,0.000,0.000,0.000,0.000,0.000,8.838,146.118,0.760,0.000,0.000,6.488,0.074,0.000,0.000
heywad1,Darrius Heyward-Bey,WR,PIT,29.357,,0.000,0.000,0.000,0.000,0.000,0.000,0.000,0.000,8.300,172.144,0.658,0.000,0.000,7.050,0.053,0.000,0.000
marshj1,Jalin Marshall,WR,NYJ,30.793,,0.000,0.000,0.000,0.000,0.000,0.000,0.000,0.000,12.736,146.948,0.600,0.000,0.000,7.606,0.119,0.000,0.000
robera1,Andre Roberts,WR,ATL,31.181,,0.000,0.000,0.000,0.000,0.000,0.000,0.000,0.000,11.701,143.400,0.885,0.000,0.000,7.218,0.085,0.000,0.000
thompd1,Deonte Thompson,WR,CHI,32.899,,0.000,0.000,0.000,0.000,0.000,0.000,0.000,0.000,13.797,151.961,0.700,0.000,0.000,8.042,0.147,0.000,0.000
wilsom1,Marquess Wilson,WR,NYJ,38.491,,0.000,0.000,0.000,0.000,0.000,0.000,0.000,0.000,15.920,183.685,0.750,0.000,0.000,9.508,0.149,0.000,0.000
jonest3,T.J. Jones,WR,DET,40.992,,0.000,0.000,0.000,0.000,0.000,0.000,0.000,0.000,11.730,199.836,1.578,0.000,0.000,8.773,0.095,0.000,0.000
allisg1,Geronimo Allison,WR,GB,42.653,,0.000,0.000,0.000,0.000,0.000,0.000,0.000,0.000,10.527,214.095,1.815,0.000,0.000,8.825,0.087,0.000,0.000
boydt2,Tyler Boyd,WR,CIN,43.268,278,0.000,0.000,0.000,0.000,0.000,0.000,0.000,0.000,17.445,214.505,0.771,0.000,0.000,10.781,0.127,0.000,0.000
inmand1,Dontrelle Inman,WR,LAC,43.676,,0.000,0.000,0.000,0.000,0.000,0.000,0.000,0.000,15.534,208.962,1.252,0.000,0.000,10.092,0.133,0.000,0.000
butleb1,Brice Butler,WR,DAL,45.046,,0.000,0.000,0.000,0.000,0.000,0.000,0.000,0.000,16.450,210.540,1.300,0.000,0.000,10.393,0.129,0.000,0.000
strear1,Rod Streater,WR,BUF,46.062,,0.000,0.000,0.000,0.000,0.000,0.000,0.000,0.000,13.071,258.200,1.230,0.000,0.000,10.749,0.105,0.000,0.000
hansec1,Chad Hansen,WR,NYJ,46.188,,0.000,0.000,0.000,0.000,0.000,0.000,0.000,0.000,19.104,220.422,0.900,0.000,0.000,11.410,0.179,0.000,0.000
robina1,Aldrick Robinson,WR,SF,46.878,,0.000,0.000,0.000,0.000,0.000,0.000,0.000,0.000,15.162,263.296,0.952,0.000,0.000,11.476,0.163,0.000,0.000
turnep2,Paul Turner,WR,PHI,48.056,,0.000,0.000,0.000,0.000,0.000,0.000,0.000,0.000,19.485,222.370,1.100,0.000,0.000,11.570,0.133,0.000,0.000
godwic1,Chris Godwin,WR,TB,48.727,,0.000,0.000,0.000,0.000,0.000,0.000,0.000,0.000,18.543,232.617,1.200,0.000,0.000,11.586,0.139,0.000,0.000
shepar1,Russell Shepard,WR,CAR,50.982,,0.000,0.000,0.000,0.000,0.000,0.000,0.000,0.000,18.475,233.262,1.578,0.000,0.000,11.585,0.144,0.000,0.000
brownp1,Corey Brown,WR,BUF,52.594,,0.000,0.000,0.000,0.000,0.000,6.060,26.549,0.000,17.428,193.650,2.255,0.000,1.102,10.205,0.192,0.000,0.000
benjat1,Travis Benjamin,WR,LAC,54.015,255,0.000,0.000,0.000,0.000,0.000,0.000,0.000,0.000,19.418,255.398,1.565,0.000,0.000,12.456,0.166,0.000,0.000
pattec1,Cordarrelle Patterson,WR,OAK,55.344,288,0.000,0.000,0.000,0.000,0.000,0.000,0.000,0.000,18.522,247.980,2.048,0.000,0.000,12.001,0.132,0.000,0.000
smithj5,JuJu Smith-Schuster,WR,PIT,55.503,262,0.000,0.000,0.000,0.000,0.000,0.000,0.000,0.000,22.824,270.512,0.987,0.000,0.000,13.828,0.147,0.000,0.000
hardyj2,Justin Hardy,WR,ATL,57.429,,0.000,0.000,0.000,0.000,0.000,0.000,0.000,0.000,21.453,239.000,2.065,0.000,0.000,12.579,0.157,0.000,0.000
aikenk1,Kamar Aiken,WR,IND,57.485,,0.000,0.000,0.000,0.000,0.000,0.000,0.000,0.000,22.164,259.434,1.620,0.000,0.000,13.339,0.171,0.000,0.000
floydm3,Michael Floyd,WR,MIN,58.845,272,0.000,0.000,0.000,0.000,0.000,0.000,0.000,0.000,25.097,259.440,1.362,0.000,0.000,14.163,0.184,0.000,0.000
woodsr1,Robert Woods,WR,LAR,59.439,216,0.000,0.000,0.000,0.000,0.000,0.000,0.000,0.000,26.457,291.601,0.720,0.000,0.000,15.427,0.249,0.000,0.000
stronj1,Jaelen Strong,WR,HOU,62.061,,0.000,0.000,0.000,0.000,0.000,0.000,0.000,0.000,26.664,283.403,1.242,0.000,0.000,15.260,0.198,0.000,0.000
taylot3,Taywan Taylor,WR,TEN,62.872,290,0.000,0.000,0.000,0.000,0.000,0.000,0.000,0.000,19.626,294.238,2.355,0.000,0.000,13.579,0.154,0.000,0.000
dorsep1,Phillip Dorsett,WR,IND,65.037,,0.000,0.000,0.000,0.000,0.000,0.000,0.000,0.000,24.011,345.912,1.134,0.000,0.000,16.227,0.185,0.000,0.000
humpha1,Adam Humphries,WR,TB,66.083,,0.000,0.000,0.000,0.000,0.000,0.000,0.000,0.000,23.600,338.352,1.500,0.000,0.000,15.905,0.176,0.000,0.000
louisr1,Ricardo Louis,WR,CLE,67.941,,0.000,0.000,0.000,0.000,0.000,0.000,0.000,0.000,32.247,286.080,1.275,0.000,0.000,16.903,0.282,0.000,0.000
kearsj1,Jermaine Kearse,WR,SEA,67.960,,0.000,0.000,0.000,0.000,0.000,0.000,0.000,0.000,24.535,318.113,1.995,0.000,0.000,15.613,0.178,0.000,0.000
peakec1,Charone Peake,WR,NYJ,69.285,,0.000,0.000,0.000,0.000,0.000,0.000,0.000,0.000,28.657,330.633,1.350,0.000,0.000,17.115,0.268,0.000,0.000
holmea1,Andre Holmes,WR,BUF,69.595,,0.000,0.000,0.000,0.000,0.000,0.000,0.000,0.000,23.237,258.200,3.485,0.000,0.000,13.607,0.186,0.000,0.000
mitchm2,Malcolm Mitchell,WR,NE,69.602,300,0.000,0.000,0.000,0.000,0.000,0.000,0.000,0.000,20.130,280.077,3.627,0.000,0.000,13.333,0.149,0.000,0.000
rogerc1,Chester Rogers,WR,IND,74.002,,0.000,0.000,0.000,0.000,0.000,0.000,0.000,0.000,24.011,367.532,2.268,0.000,0.000,16.820,0.185,0.000,0.000
colemb2,Brandon Coleman,WR,NO,76.003,,0.000,0.000,0.000,0.000,0.000,0.000,0.000,0.000,25.449,282.607,3.773,0.000,0.000,14.897,0.172,0.000,0.000
lafelb1,Brandon LaFell,WR,CIN,76.911,254,0.000,0.000,0.000,0.000,0.000,0.000,0.000,0.000,27.912,386.109,1.799,0.000,0.000,18.425,0.203,0.000,0.000
austit2,Tavon Austin,WR,LAR,77.044,204,0.000,0.000,0.000,0.000,0.000,15.923,91.630,0.330,24.987,308.754,1.800,0.000,3.803,15.484,0.381,0.000,0.000
willim7,Mike Williams,WR,LAC,77.428,168,0.000,0.000,0.000,0.000,0.000,0.000,0.000,0.000,25.243,394.706,2.191,0.000,0.000,17.911,0.216,0.000,0.000
treadl1,Laquon Treadwell,WR,MIN,78.581,270,0.000,0.000,0.000,0.000,0.000,0.000,0.000,0.000,33.463,367.540,1.476,0.000,0.000,19.477,0.246,0.000,0.000
milleb4,Braxton Miller,WR,HOU,80.935,284,0.000,0.000,0.000,0.000,0.000,0.000,0.000,0.000,33.330,377.870,1.719,0.000,0.000,19.723,0.248,0.000,0.000
brownj4,Jaron Brown,WR,ARI,82.910,296,0.000,0.000,0.000,0.000,0.000,0.000,0.000,0.000,24.284,435.280,2.583,0.000,0.000,18.753,0.200,0.000,0.000
stewaa1,ArDarius Stewart,WR,NYJ,84.680,,0.000,0.000,0.000,0.000,0.000,0.000,0.000,0.000,35.025,404.107,1.650,0.000,0.000,20.918,0.328,0.000,0.000
rogere2,Eli Rogers,WR,PIT,85.849,271,0.000,0.000,0.000,0.000,0.000,0.000,0.000,0.000,31.123,442.656,1.810,0.000,0.000,20.877,0.200,0.000,0.000
hendec1,Carlos Henderson,WR,DEN,86.916,,0.000,0.000,0.000,0.000,0.000,0.000,0.000,0.000,30.048,417.480,2.604,0.000,0.000,19.885,0.252,0.000,0.000
conlec1,Chris Conley,WR,KC,95.655,260,0.000,0.000,0.000,0.000,0.000,0.000,0.000,0.000,37.125,474.253,1.950,0.000,0.000,23.430,0.298,0.000,0.000
wrighk1,Kendall Wright,WR,CHI,99.293,,0.000,0.000,0.000,0.000,0.000,0.000,0.000,0.000,38.325,455.882,2.700,0.000,0.000,23.264,0.410,0.000,0.000
fullew1,Will Fuller,WR,HOU,102.122,215,0.000,0.000,0.000,0.000,0.000,0.000,0.000,0.000,38.330,529.018,1.910,0.000,0.000,25.270,0.285,0.000,0.000
hoganc1,Chris Hogan,WR,NE,105.847,189,0.000,0.000,0.000,0.000,0.000,2.626,8.111,0.000,34.221,483.769,3.829,0.000,0.337,22.875,0.268,0.000,0.000
samuec1,Curtis Samuel,WR,CAR,106.281,261,0.000,0.000,0.000,0.000,0.000,0.000,0.000,0.000,35.411,524.840,3.156,0.000,0.000,24.335,0.275,0.000,0.000
goodwm1,Marquise Goodwin,WR,SF,107.588,294,0.000,0.000,0.000,0.000,0.000,0.000,0.000,0.000,31.840,567.098,3.287,0.000,0.000,24.489,0.342,0.000,0.000
robers1,Seth Roberts,WR,OAK,107.625,,0.000,0.000,0.000,0.000,0.000,0.000,0.000,0.000,33.340,454.630,4.883,0.000,0.000,21.829,0.238,0.000,0.000
richap1,Paul Richardson,WR,SEA,108.131,252,0.000,0.000,0.000,0.000,0.000,0.000,0.000,0.000,40.308,530.188,2.565,0.000,0.000,25.858,0.293,0.000,0.000
kerlej1,Jeremy Kerley,WR,SF,109.867,,0.000,0.000,0.000,0.000,0.000,0.000,0.000,0.000,39.421,546.845,2.768,0.000,0.000,26.065,0.423,0.000,0.000
gollak1,Kenny Golladay,WR,DET,110.345,166,0.000,0.000,0.000,0.000,0.000,0.000,0.000,0.000,37.145,532.896,3.419,0.000,0.000,25.043,0.302,0.000,0.000
wilsoa1,Albert Wilson,WR,KC,110.838,,0.000,0.000,0.000,0.000,0.000,0.000,0.000,0.000,45.563,437.772,3.705,0.000,0.000,24.803,0.366,0.000,0.000
kuppc1,Cooper Kupp,WR,LAR,118.141,167,0.000,0.000,0.000,0.000,0.000,0.000,0.000,0.000,48.505,548.896,2.610,0.000,0.000,28.674,0.457,0.000,0.000
jonesz1,Zay Jones,WR,BUF,120.571,154,0.000,0.000,0.000,0.000,0.000,5.594,39.824,0.000,34.855,645.500,2.973,0.000,1.653,27.484,0.327,0.000,0.000
doctsj1,Josh Doctson,WR,WAS,122.261,152,0.000,0.000,0.000,0.000,0.000,0.000,0.000,0.000,43.945,576.525,3.564,0.000,0.000,28.150,0.360,0.000,0.000
nelsoj2,J.J. Nelson,WR,ARI,123.739,175,0.000,0.000,0.000,0.000,0.000,6.162,54.750,0.000,31.756,544.100,5.453,0.000,2.272,23.835,0.310,0.000,0.000
willit3,Terrance Williams,WR,DAL,127.942,250,0.000,0.000,0.000,0.000,0.000,0.000,0.000,0.000,44.415,631.620,3.510,0.000,0.000,29.791,0.348,0.000,0.000
perrib1,Breshad Perriman,WR,BAL,135.808,192,0.000,0.000,0.000,0.000,0.000,0.000,0.000,0.000,49.738,654.458,3.548,0.000,0.000,31.914,0.332,0.000,0.000
stillk1,Kenny Stills,WR,MIA,137.320,158,0.000,0.000,0.000,0.000,0.000,0.000,0.000,0.000,38.985,683.010,5.124,0.000,0.000,29.673,0.355,0.000,0.000
smitht7,Torrey Smith,WR,PHI,137.917,200,0.000,0.000,0.000,0.000,0.000,0.000,0.000,0.000,46.764,667.110,4.180,0.000,0.000,31.424,0.319,0.000,0.000
gabrit1,Taylor Gabriel,WR,ATL,140.044,171,0.000,0.000,0.000,0.000,0.000,7.553,61.950,0.000,39.005,645.300,5.163,0.000,2.571,28.646,0.332,0.000,0.000
whitek1,Kevin White,WR,CHI,141.346,162,0.000,0.000,0.000,0.000,0.000,0.000,0.000,0.000,52.122,675.380,3.800,0.000,0.000,33.157,0.557,0.000,0.000
funchd1,Devin Funchess,WR,CAR,141.728,226,0.000,0.000,0.000,0.000,0.000,0.000,0.000,0.000,43.109,622.032,6.181,0.000,0.000,29.162,0.335,0.000,0.000
agholn1,Nelson Agholor,WR,PHI,144.469,256,0.000,0.000,0.000,0.000,0.000,0.000,0.000,0.000,62.352,644.873,3.080,0.000,0.000,35.197,0.425,0.000,0.000
hurnsa1,Allen Hurns,WR,JAX,144.633,190,0.000,0.000,0.000,0.000,0.000,0.000,0.000,0.000,49.957,688.573,4.446,0.000,0.000,32.910,0.429,0.000,0.000
rossj2,John Ross,WR,CIN,145.759,151,0.000,0.000,0.000,0.000,0.000,2.627,18.631,0.269,48.846,772.218,2.827,0.000,0.773,34.889,0.374,0.000,0.000
sanum1,Mohamed Sanu,WR,ATL,148.776,142,0.000,0.000,0.000,0.000,0.000,0.000,0.000,0.000,62.408,669.200,3.393,0.000,0.000,35.879,0.455,0.000,0.000
locket1,Tyler Lockett,WR,SEA,150.993,146,0.000,0.000,0.000,0.000,0.000,10.040,88.460,0.000,49.070,699.848,3.990,0.000,3.671,32.969,0.424,0.000,0.000
anderr2,Robby Anderson,WR,NYJ,160.099,205,0.000,0.000,0.000,0.000,0.000,2.055,17.108,0.000,58.905,808.214,3.300,0.000,0.710,38.703,0.569,0.000,0.000
leem1,Marqise Lee,WR,JAX,161.823,221,0.000,0.000,0.000,0.000,0.000,5.618,38.672,0.000,60.662,806.614,2.964,0.000,1.605,39.153,0.576,0.000,0.000
beaslc1,Cole Beasley,WR,DAL,162.403,138,0.000,0.000,0.000,0.000,0.000,0.000,0.000,0.000,64.155,727.320,4.420,0.000,0.000,37.963,0.502,0.000,0.000
shepas1,Sterling Shepard,WR,NYG,163.230,139,0.000,0.000,0.000,0.000,0.000,3.660,29.428,0.000,62.798,696.672,4.816,0.000,1.221,36.741,0.537,0.000,0.000
cobbr1,Randall Cobb,WR,GB,167.376,95,0.000,0.000,0.000,0.000,0.000,10.388,36.454,0.000,64.918,727.923,4.538,0.000,1.513,38.194,0.604,0.000,0.000
matthr1,Rishard Matthews,WR,TEN,169.064,115,0.000,0.000,0.000,0.000,0.000,0.000,0.000,0.000,57.243,769.222,5.966,0.000,0.000,37.168,0.449,0.000,0.000
matthj2,Jordan Matthews,WR,BUF,172.488,130,0.000,0.000,0.000,0.000,0.000,0.000,0.000,0.000,66.806,790.738,4.613,0.000,0.000,40.445,0.535,0.000,0.000
davisc7,Corey Davis,WR,TEN,173.655,118,0.000,0.000,0.000,0.000,0.000,0.000,0.000,0.000,55.607,840.680,5.809,0.000,0.000,38.666,0.437,0.000,0.000
jonesm3,Marvin Jones,WR,DET,174.725,121,0.000,0.000,0.000,0.000,0.000,0.000,0.000,0.000,54.740,932.568,4.603,0.000,0.000,40.940,0.445,0.000,0.000
ginnt1,Ted Ginn,WR,NO,177.568,134,0.000,0.000,0.000,0.000,0.000,0.000,0.000,0.000,60.151,822.128,6.003,0.000,0.000,39.435,0.407,0.000,0.000
moncrd1,Donte Moncrief,WR,IND,178.993,92,0.000,0.000,0.000,0.000,0.000,0.000,0.000,0.000,59.104,605.346,10.044,0.000,0.000,33.201,0.455,0.000,0.000
brownj5,John Brown,WR,ARI,181.448,119,0.000,0.000,0.000,0.000,0.000,0.000,0.000,0.000,65.381,827.032,5.740,0.000,0.000,41.039,0.538,0.000,0.000
jacksd2,DeSean Jackson,WR,TB,183.084,79,0.000,0.000,0.000,0.000,0.000,0.000,0.000,0.000,53.943,930.468,6.150,0.000,0.000,40.658,0.403,0.000,0.000
deckee1,Eric Decker,WR,TEN,183.253,93,0.000,0.000,0.000,0.000,0.000,0.000,0.000,0.000,58.878,819.663,7.222,0.000,0.000,39.009,0.462,0.000,0.000
thiela1,Adam Thielen,WR,MIN,186.465,116,0.000,0.000,0.000,0.000,0.000,2.018,16.228,0.000,62.742,951.280,4.654,0.000,0.673,43.702,0.476,0.000,0.000
parked1,DeVante Parker,WR,MIA,186.594,94,0.000,0.000,0.000,0.000,0.000,0.000,0.000,0.000,69.848,872.735,5.124,0.000,0.000,43.547,0.636,0.000,0.000
colemc1,Corey Coleman,WR,CLE,186.980,125,0.000,0.000,0.000,0.000,0.000,4.598,20.650,0.000,75.876,839.168,4.420,0.000,0.857,44.322,0.699,0.000,0.000
wallam1,Mike Wallace,WR,BAL,188.123,114,0.000,0.000,0.000,0.000,0.000,5.327,29.420,0.000,64.875,934.940,4.623,0.000,1.221,43.854,0.463,0.000,0.000
benjak1,Kelvin Benjamin,WR,CAR,190.465,61,0.000,0.000,0.000,0.000,0.000,0.000,0.000,0.000,58.505,855.294,7.890,0.000,0.000,39.881,0.455,0.000,0.000
brittk1,Kenny Britt,WR,CLE,190.924,108,0.000,0.000,0.000,0.000,0.000,0.000,0.000,0.000,66.392,991.744,4.420,0.000,0.000,45.837,0.581,0.000,0.000
maclij1,Jeremy Maclin,WR,BAL,193.090,96,0.000,0.000,0.000,0.000,0.000,0.000,0.000,0.000,71.363,981.687,4.085,0.000,0.000,46.958,0.476,0.000,0.000
willit4,Tyrell Williams,WR,LAC,193.333,105,0.000,0.000,0.000,0.000,0.000,0.000,0.000,0.000,62.137,975.156,5.791,0.000,0.000,44.186,0.533,0.000,0.000
marshb1,Brandon Marshall,WR,NYG,193.815,75,0.000,0.000,0.000,0.000,0.000,0.000,0.000,0.000,70.648,936.153,5.117,0.000,0.000,45.510,0.575,0.000,0.000
meredc1,Cameron Meredith,WR,CHI,196.675,97,0.000,0.000,0.000,0.000,0.000,0.000,0.000,0.000,70.518,928.648,5.800,0.000,0.000,45.268,0.754,0.000,0.000
adamsd2,Davante Adams,WR,GB,197.780,42,0.000,0.000,0.000,0.000,0.000,0.000,0.000,0.000,63.164,899.199,7.623,0.000,0.000,42.393,0.521,0.000,0.000
edelmj1,Julian Edelman,WR,NE,201.604,51,0.000,0.000,0.000,0.000,0.000,8.845,32.444,0.000,76.494,916.614,5.239,0.000,1.346,46.618,0.615,0.000,0.000
watkis1,Sammy Watkins,WR,LAR,203.988,49,0.000,0.000,0.000,0.000,0.000,0.000,0.000,0.000,61.734,1029.180,6.750,0.000,0.000,45.553,0.582,0.000,0.000
crowdj1,Jamison Crowder,WR,WAS,209.775,68,0.000,0.000,0.000,0.000,0.000,0.000,0.000,0.000,77.903,1014.684,5.280,0.000,0.000,49.701,0.638,0.000,0.000
bryanm2,Martavis Bryant,WR,PIT,215.084,60,0.000,0.000,0.000,0.000,0.000,0.000,0.000,0.000,62.246,983.680,9.212,0.000,0.000,44.450,0.401,0.000,0.000
pryort1,Terrelle Pryor,WR,WAS,215.931,34,0.000,0.000,0.000,0.000,0.000,0.000,0.000,0.000,73.908,1083.867,5.808,0.000,0.000,50.473,0.606,0.000,0.000
robina3,Allen Robinson,WR,JAX,215.933,43,0.000,0.000,0.000,0.000,0.000,0.000,0.000,0.000,71.367,983.675,7.904,0.000,0.000,47.014,0.613,0.000,0.000
tateg1,Golden Tate,WR,DET,218.867,56,0.000,0.000,0.000,0.000,0.000,0.000,0.000,0.000,89.930,1043.588,4.340,0.000,0.000,53.874,0.731,0.000,0.000
jeffea1,Alshon Jeffery,WR,PHI,220.416,35,0.000,0.000,0.000,0.000,0.000,0.000,0.000,0.000,77.940,1125.192,5.170,0.000,0.000,52.739,0.532,0.000,0.000
garcop1,Pierre Garcon,WR,SF,220.919,86,0.000,0.000,0.000,0.000,0.000,0.000,0.000,0.000,83.390,1154.450,3.979,0.000,0.000,55.073,0.895,0.000,0.000
landrj1,Jarvis Landry,WR,MIA,223.034,46,0.000,0.000,0.000,0.000,0.000,0.000,0.000,0.000,94.214,1100.405,3.416,0.000,0.000,56.635,0.858,0.000,0.000
sneadw1,Willie Snead,WR,NO,224.187,73,0.000,0.000,0.000,0.000,0.000,0.000,0.000,0.000,90.227,1053.352,4.974,0.000,0.000,54.225,0.610,0.000,0.000
sandee1,Emmanuel Sanders,WR,DEN,224.861,59,0.000,0.000,0.000,0.000,0.000,0.000,0.000,0.000,83.073,1106.322,5.425,0.000,0.000,53.665,0.697,0.000,0.000
diggss1,Stefon Diggs,WR,MIN,226.010,63,0.000,0.000,0.000,0.000,0.000,0.000,0.000,0.000,92.022,1081.000,4.540,0.000,0.000,55.487,0.676,0.000,0.000
hillt1,Tyreek Hill,WR,KC,228.925,45,0.000,0.000,0.000,0.000,0.000,25.470,246.480,2.550,84.375,747.861,5.265,0.000,10.229,44.209,0.887,0.000,0.000
allenk1,Keenan Allen,WR,LAC,231.632,37,0.000,0.000,0.000,0.000,0.000,0.000,0.000,0.000,87.381,1091.246,6.104,0.000,0.000,54.463,0.749,0.000,0.000
crabtm1,Michael Crabtree,WR,OAK,232.139,39,0.000,0.000,0.000,0.000,0.000,0.000,0.000,0.000,85.202,971.255,8.505,0.000,0.000,50.563,0.609,0.000,0.000
fitzgl1,Larry Fitzgerald,WR,ARI,232.973,55,0.000,0.000,0.000,0.000,0.000,0.000,0.000,0.000,102.741,957.616,6.027,0.000,0.000,55.119,0.846,0.000,0.000
hopkid1,DeAndre Hopkins,WR,HOU,233.018,28,0.000,0.000,0.000,0.000,0.000,0.000,0.000,0.000,84.992,1114.717,6.303,0.000,0.000,54.434,0.632,0.000,0.000
coopea1,Amari Cooper,WR,OAK,235.157,22,0.000,0.000,0.000,0.000,0.000,0.000,0.000,0.000,81.498,1198.570,5.828,0.000,0.000,55.750,0.583,0.000,0.000
thomad5,Demaryius Thomas,WR,DEN,235.988,29,0.000,0.000,0.000,0.000,0.000,0.000,0.000,0.000,90.143,1148.070,5.425,0.000,0.000,56.796,0.756,0.000,0.000
cooksb1,Brandin Cooks,WR,NE,236.294,25,0.000,0.000,0.000,0.000,0.000,12.605,48.666,0.000,78.507,1094.845,7.456,0.000,2.020,52.067,0.650,0.000,0.000
hiltot1,T.Y. Hilton,WR,IND,244.725,19,0.000,0.000,0.000,0.000,0.000,0.000,0.000,0.000,81.268,1297.170,5.832,0.000,0.000,58.387,0.626,0.000,0.000
bryand1,Dez Bryant,WR,DAL,245.805,17,0.000,0.000,0.000,0.000,0.000,0.000,0.000,0.000,70.735,1090.980,11.180,0.000,0.000,49.776,0.554,0.000,0.000
baldwd1,Doug Baldwin,WR,SEA,246.259,23,0.000,0.000,0.000,0.000,0.000,0.000,0.000,0.000,87.625,1060.375,8.978,0.000,0.000,53.686,0.636,0.000,0.000
nelsoj1,Jordy Nelson,WR,GB,259.130,11,0.000,0.000,0.000,0.000,0.000,0.000,0.000,0.000,77.200,1113.294,11.979,0.000,0.000,52.205,0.637,0.000,0.000
thomam4,Michael Thomas,WR,NO,264.233,13,0.000,0.000,0.000,0.000,0.000,0.000,0.000,0.000,94.854,1181.809,8.747,0.000,0.000,59.045,0.642,0.000,0.000
evansm1,Mike Evans,WR,TB,268.584,7,0.000,0.000,0.000,0.000,0.000,0.000,0.000,0.000,85.971,1289.967,9.150,0.000,0.000,59.512,0.642,0.000,0.000
greena2,A.J. Green,WR,CIN,283.149,10,0.000,0.000,0.000,0.000,0.000,0.000,0.000,0.000,94.203,1394.283,8.481,0.000,0.000,64.684,0.684,0.000,0.000
beckho1,Odell Beckham,WR,NYG,283.518,5,0.000,0.000,0.000,0.000,0.000,1.830,14.714,0.000,92.235,1371.573,9.030,0.000,0.611,63.508,0.763,0.000,0.000
jonesj6,Julio Jones,WR,ATL,299.381,4,0.000,0.000,0.000,0.000,0.000,0.000,0.000,0.000,99.463,1553.500,7.670,0.000,0.000,70.525,0.726,0.000,0.000
browna4,Antonio Brown,WR,PIT,336.156,3,0.000,0.000,0.000,0.000,0.000,2.328,8.197,0.000,118.268,1475.520,11.844,0.000,0.340,73.674,0.774,0.000,0.000
bellb1,Blake Bell,TE,SF,8.055,,0.000,0.000,0.000,0.000,0.000,0.000,0.000,0.000,3.032,40.507,0.173,0.000,0.000,2.036,0.033,0.000,0.000
kroftt1,Tyler Kroft,TE,CIN,9.271,,0.000,0.000,0.000,0.000,0.000,0.000,0.000,0.000,3.489,42.901,0.257,0.000,0.000,2.206,0.025,0.000,0.000
smithl1,Lee Smith,TE,OAK,9.675,,0.000,0.000,0.000,0.000,0.000,0.000,0.000,0.000,3.704,41.330,0.315,0.000,0.000,2.187,0.026,0.000,0.000
niklat1,Troy Niklas,TE,ARI,9.749,,0.000,0.000,0.000,0.000,0.000,0.000,0.000,0.000,3.736,43.528,0.287,0.000,0.000,2.273,0.031,0.000,0.000
fellsd2,Darren Fells,TE,DET,9.865,,0.000,0.000,0.000,0.000,0.000,0.000,0.000,0.000,3.910,44.408,0.263,0.000,0.000,2.337,0.032,0.000,0.000
koyacb1,Ben Koyack,TE,JAX,10.405,,0.000,0.000,0.000,0.000,0.000,0.000,0.000,0.000,3.568,39.347,0.494,0.000,0.000,2.089,0.031,0.000,0.000
hemint1,Temarrick Hemingway,TE,LAR,11.995,,0.000,0.000,0.000,0.000,0.000,0.000,0.000,0.000,5.879,51.459,0.180,0.000,0.000,2.949,0.055,0.000,0.000
olearn1,Nick O'Leary,TE,BUF,15.215,,0.000,0.000,0.000,0.000,0.000,0.000,0.000,0.000,7.262,80.688,0.000,0.000,0.000,4.274,0.058,0.000,0.000
celekg1,Garrett Celek,TE,SF,16.113,,0.000,0.000,0.000,0.000,0.000,0.000,0.000,0.000,6.065,81.014,0.346,0.000,0.000,4.073,0.065,0.000,0.000
anders1,Stephen Anderson,TE,HOU,16.416,,0.000,0.000,0.000,0.000,0.000,0.000,0.000,0.000,6.666,75.574,0.382,0.000,0.000,3.979,0.050,0.000,0.000
devals1,Seth DeValve,TE,CLE,17.125,,0.000,0.000,0.000,0.000,0.000,0.000,0.000,0.000,7.588,76.288,0.340,0.000,0.000,4.170,0.066,0.000,0.000
morgad1,David Morgan,TE,MIN,17.455,,0.000,0.000,0.000,0.000,0.000,0.000,0.000,0.000,8.366,64.860,0.454,0.000,0.000,3.888,0.061,0.000,0.000
adamsj2,Jerell Adams,TE,NYG,17.866,,0.000,0.000,0.000,0.000,0.000,0.000,0.000,0.000,7.850,65.313,0.602,0.000,0.000,3.812,0.064,0.000,0.000
heuerj1,Jeff Heuerman,TE,DEN,17.906,,0.000,0.000,0.000,0.000,0.000,0.000,0.000,0.000,7.070,83.496,0.434,0.000,0.000,4.344,0.059,0.000,0.000
brownd10,Daniel Brown,TE,CHI,18.943,,0.000,0.000,0.000,0.000,0.000,0.000,0.000,0.000,7.665,84.423,0.500,0.000,0.000,4.484,0.082,0.000,0.000
swaimg1,Geoff Swaim,TE,DAL,19.713,,0.000,0.000,0.000,0.000,0.000,0.000,0.000,0.000,9.870,76.560,0.390,0.000,0.000,4.588,0.077,0.000,0.000
celekb1,Brent Celek,TE,PHI,19.826,,0.000,0.000,0.000,0.000,0.000,0.000,0.000,0.000,9.743,88.948,0.220,0.000,0.000,5.022,0.066,0.000,0.000
kendrl1,Lance Kendricks,TE,GB,21.549,,0.000,0.000,0.000,0.000,0.000,0.000,0.000,0.000,8.773,85.638,0.726,0.000,0.000,4.727,0.072,0.000,0.000
uzomac1,C.J. Uzomah,TE,CIN,21.803,,0.000,0.000,0.000,0.000,0.000,0.000,0.000,0.000,8.723,85.802,0.771,0.000,0.000,4.724,0.063,0.000,0.000
harrid3,Demetrius Harris,TE,KC,23.248,,0.000,0.000,0.000,0.000,0.000,0.000,0.000,0.000,10.125,109.443,0.390,0.000,0.000,5.847,0.081,0.000,0.000
simsd1,Dion Sims,TE,CHI,24.232,,0.000,0.000,0.000,0.000,0.000,0.000,0.000,0.000,10.731,101.307,0.600,0.000,0.000,5.655,0.115,0.000,0.000
pauln1,Niles Paul,TE,WAS,24.703,,0.000,0.000,0.000,0.000,0.000,0.000,0.000,0.000,11.985,129.142,0.000,0.000,0.000,6.906,0.098,0.000,0.000
leggej1,Jordan Leggett,TE,NYJ,26.220,,0.000,0.000,0.000,0.000,0.000,0.000,0.000,0.000,12.736,110.211,0.450,0.000,0.000,6.341,0.119,0.000,0.000
telfer1,Randall Telfer,TE,CLE,26.662,,0.000,0.000,0.000,0.000,0.000,0.000,0.000,0.000,13.278,95.360,0.680,0.000,0.000,5.890,0.116,0.000,0.000
derbya1,A.J. Derby,TE,DEN,26.858,,0.000,0.000,0.000,0.000,0.000,0.000,0.000,0.000,10.605,125.244,0.651,0.000,0.000,6.516,0.089,0.000,0.000
fasana1,Anthony Fasano,TE,MIA,28.403,,0.000,0.000,0.000,0.000,0.000,0.000,0.000,0.000,11.371,113.835,0.976,0.000,0.000,6.231,0.104,0.000,0.000
smithj6,Jonnu Smith,TE,TEN,29.805,,0.000,0.000,0.000,0.000,0.000,0.000,0.000,0.000,9.813,126.102,1.256,0.000,0.000,6.406,0.077,0.000,0.000
riverm1,Mychal Rivera,TE,JAX,30.007,,0.000,0.000,0.000,0.000,0.000,0.000,0.000,0.000,12.489,118.041,0.988,0.000,0.000,6.586,0.107,0.000,0.000
toilol1,Levine Toilolo,TE,ATL,30.409,,0.000,0.000,0.000,0.000,0.000,0.000,0.000,0.000,9.751,119.500,1.475,0.000,0.000,6.151,0.071,0.000,0.000
rodger1,Richard Rodgers,TE,GB,31.460,,0.000,0.000,0.000,0.000,0.000,0.000,0.000,0.000,12.282,128.457,1.089,0.000,0.000,6.934,0.101,0.000,0.000
mcdonv1,Vance McDonald,TE,SF,32.224,257,0.000,0.000,0.000,0.000,0.000,0.000,0.000,0.000,12.129,162.028,0.692,0.000,0.000,8.145,0.130,0.000,0.000
walfoc1,Clive Walford,TE,OAK,32.739,,0.000,0.000,0.000,0.000,0.000,0.000,0.000,0.000,12.966,123.990,1.260,0.000,0.000,6.891,0.093,0.000,0.000
boylen1,Nick Boyle,TE,BAL,38.591,,0.000,0.000,0.000,0.000,0.000,0.000,0.000,0.000,17.300,163.615,0.860,0.000,0.000,9.127,0.115,0.000,0.000
tyew1,Will Tye,TE,NYG,43.573,,0.000,0.000,0.000,0.000,0.000,0.000,0.000,0.000,19.624,152.397,1.505,0.000,0.000,9.128,0.160,0.000,0.000
evereg1,Gerald Everett,TE,LAR,45.450,,0.000,0.000,0.000,0.000,0.000,0.000,0.000,0.000,17.638,205.836,1.260,0.000,0.000,10.746,0.166,0.000,0.000
burtot1,Trey Burton,TE,PHI,47.397,,0.000,0.000,0.000,0.000,0.000,0.000,0.000,0.000,19.485,222.370,0.990,0.000,0.000,11.685,0.133,0.000,0.000
grimbx1,Xavier Grimble,TE,PIT,47.479,,0.000,0.000,0.000,0.000,0.000,0.000,0.000,0.000,18.674,221.328,1.152,0.000,0.000,11.502,0.120,0.000,0.000
willsl1,Luke Willson,TE,SEA,47.882,,0.000,0.000,0.000,0.000,0.000,0.000,0.000,0.000,14.020,169.660,2.850,0.000,0.000,8.764,0.102,0.000,0.000
greenv1,Virgil Green,TE,DEN,59.931,,0.000,0.000,0.000,0.000,0.000,0.000,0.000,0.000,24.745,271.362,1.411,0.000,0.000,14.433,0.208,0.000,0.000
hillj4,Josh Hill,TE,NO,65.202,,0.000,0.000,0.000,0.000,0.000,0.000,0.000,0.000,25.449,256.915,2.401,0.000,0.000,14.025,0.172,0.000,0.000
willim6,Maxx Williams,TE,BAL,71.624,,0.000,0.000,0.000,0.000,0.000,0.000,0.000,0.000,30.275,327.229,1.505,0.000,0.000,17.482,0.202,0.000,0.000
swoope1,Erik Swoope,TE,IND,74.757,,0.000,0.000,0.000,0.000,0.000,0.000,0.000,0.000,24.011,345.912,2.754,0.000,0.000,17.053,0.185,0.000,0.000
greshj1,Jermaine Gresham,TE,ARI,82.123,279,0.000,0.000,0.000,0.000,0.000,0.000,0.000,0.000,33.624,369.988,2.009,0.000,0.000,19.658,0.277,0.000,0.000
higbet1,Tyler Higbee,TE,LAR,82.868,297,0.000,0.000,0.000,0.000,0.000,0.000,0.000,0.000,32.337,360.213,2.520,0.000,0.000,19.067,0.305,0.000,0.000
griffr2,Ryan Griffin,TE,HOU,85.860,,0.000,0.000,0.000,0.000,0.000,0.000,0.000,0.000,33.330,415.657,1.910,0.000,0.000,21.290,0.248,0.000,0.000
davisv1,Vernon Davis,TE,WAS,91.131,259,0.000,0.000,0.000,0.000,0.000,0.000,0.000,0.000,35.955,415.098,2.376,0.000,0.000,21.739,0.295,0.000,0.000
kittlg1,George Kittle,TE,SF,91.730,,0.000,0.000,0.000,0.000,0.000,0.000,0.000,0.000,33.356,445.577,2.422,0.000,0.000,22.399,0.358,0.000,0.000
watsob1,Ben Watson,TE,BAL,92.089,264,0.000,0.000,0.000,0.000,0.000,0.000,0.000,0.000,38.925,420.723,1.935,0.000,0.000,22.477,0.259,0.000,0.000
howaro1,O.J. Howard,TE,TB,95.882,141,0.000,0.000,0.000,0.000,0.000,0.000,0.000,0.000,37.086,359.499,3.900,0.000,0.000,19.889,0.277,0.000,0.000
lewism2,Marcedes Lewis,TE,JAX,96.493,,0.000,0.000,0.000,0.000,0.000,0.000,0.000,0.000,41.036,354.123,3.458,0.000,0.000,20.396,0.352,0.000,0.000
millez2,Zach Miller,TE,CHI,99.741,220,0.000,0.000,0.000,0.000,0.000,0.000,0.000,0.000,41.391,388.344,3.400,0.000,0.000,21.722,0.442,0.000,0.000
allend1,Dwayne Allen,TE,NE,104.808,210,0.000,0.000,0.000,0.000,0.000,0.000,0.000,0.000,34.221,432.846,4.635,0.000,0.000,22.084,0.254,0.000,0.000
bratec1,Cameron Brate,TE,TB,107.005,144,0.000,0.000,0.000,0.000,0.000,0.000,0.000,0.000,33.714,422.940,5.250,0.000,0.000,21.628,0.252,0.000,0.000
njokud1,David Njoku,TE,CLE,110.058,185,0.000,0.000,0.000,0.000,0.000,0.000,0.000,0.000,43.629,457.728,3.570,0.000,0.000,24.682,0.382,0.000,0.000
clayc1,Charles Clay,TE,BUF,111.242,206,0.000,0.000,0.000,0.000,0.000,0.000,0.000,0.000,45.022,435.713,3.895,0.000,0.000,24.119,0.361,0.000,0.000
sefera1,Austin Seferian-Jenkins,TE,NYJ,116.160,291,0.000,0.000,0.000,0.000,0.000,0.000,0.000,0.000,46.169,551.055,2.625,0.000,0.000,28.580,0.432,0.000,0.000
fiedoc1,C.J. Fiedorowicz,TE,HOU,116.772,180,0.000,0.000,0.000,0.000,0.000,0.000,0.000,0.000,44.996,472.338,4.202,0.000,0.000,25.466,0.335,0.000,0.000
jamesj2,Jesse James,TE,PIT,117.688,184,0.000,0.000,0.000,0.000,0.000,0.000,0.000,0.000,51.872,418.064,4.113,0.000,0.000,24.691,0.334,0.000,0.000
engrae1,Evan Engram,TE,NYG,118.241,155,0.000,0.000,0.000,0.000,0.000,0.000,0.000,0.000,47.098,457.191,4.365,0.000,0.000,25.282,0.383,0.000,0.000
hoopea1,Austin Hooper,TE,ATL,119.019,145,0.000,0.000,0.000,0.000,0.000,0.000,0.000,0.000,42.905,501.900,4.425,0.000,0.000,26.183,0.313,0.000,0.000
gatesa1,Antonio Gates,TE,LAC,120.847,148,0.000,0.000,0.000,0.000,0.000,0.000,0.000,0.000,42.719,441.142,5.791,0.000,0.000,23.908,0.366,0.000,0.000
cookj2,Jared Cook,TE,OAK,121.763,143,0.000,0.000,0.000,0.000,0.000,0.000,0.000,0.000,44.453,495.960,4.725,0.000,0.000,26.240,0.318,0.000,0.000
thomaj1,Julius Thomas,TE,MIA,126.228,147,0.000,0.000,0.000,0.000,0.000,0.000,0.000,0.000,42.234,474.313,6.222,0.000,0.000,25.045,0.385,0.000,0.000
wittej1,Jason Witten,TE,DAL,142.706,129,0.000,0.000,0.000,0.000,0.000,0.000,0.000,0.000,62.510,593.340,3.640,0.000,0.000,33.059,0.489,0.000,0.000
fleenc1,Coby Fleener,TE,NO,143.985,137,0.000,0.000,0.000,0.000,0.000,0.000,0.000,0.000,53.211,667.979,4.116,0.000,0.000,34.152,0.360,0.000,0.000
henryh1,Hunter Henry,TE,LAC,144.321,101,0.000,0.000,0.000,0.000,0.000,0.000,0.000,0.000,52.428,580.450,5.791,0.000,0.000,30.782,0.449,0.000,0.000
ebrone1,Eric Ebron,TE,DET,157.897,110,0.000,0.000,0.000,0.000,0.000,0.000,0.000,0.000,64.515,754.936,3.156,0.000,0.000,39.380,0.524,0.000,0.000
doylej1,Jack Doyle,TE,IND,163.281,107,0.000,0.000,0.000,0.000,0.000,0.000,0.000,0.000,64.645,626.966,6.156,0.000,0.000,34.681,0.498,0.000,0.000
walked2,Delanie Walker,TE,TEN,168.687,66,0.000,0.000,0.000,0.000,0.000,0.000,0.000,0.000,58.878,777.629,5.495,0.000,0.000,39.210,0.462,0.000,0.000
ertzz1,Zach Ertz,TE,PHI,170.779,87,0.000,0.000,0.000,0.000,0.000,0.000,0.000,0.000,70.146,778.295,3.960,0.000,0.000,41.247,0.478,0.000,0.000
bennem2,Martellus Bennett,TE,GB,175.845,84,0.000,0.000,0.000,0.000,0.000,0.000,0.000,0.000,64.918,727.923,6.534,0.000,0.000,38.455,0.535,0.000,0.000
eifert1,Tyler Eifert,TE,CIN,176.864,64,0.000,0.000,0.000,0.000,0.000,0.000,0.000,0.000,57.569,707.867,8.224,0.000,0.000,36.402,0.418,0.000,0.000
grahaj1,Jimmy Graham,TE,SEA,188.866,52,0.000,0.000,0.000,0.000,0.000,0.000,0.000,0.000,63.090,890.715,6.270,0.000,0.000,44.135,0.458,0.000,0.000
reedj4,Jordan Reed,TE,WAS,195.766,38,0.000,0.000,0.000,0.000,0.000,0.000,0.000,0.000,75.905,807.135,6.732,0.000,0.000,43.340,0.622,0.000,0.000
rudolk1,Kyle Rudolph,TE,MIN,196.963,67,0.000,0.000,0.000,0.000,0.000,0.000,0.000,0.000,75.291,778.320,7.491,0.000,0.000,42.167,0.553,0.000,0.000
olseng1,Greg Olsen,TE,CAR,206.790,41,0.000,0.000,0.000,0.000,0.000,0.000,0.000,0.000,76.980,1049.679,4.340,0.000,0.000,52.482,0.599,0.000,0.000
gronkr1,Rob Gronkowski,TE,NE,218.259,18,0.000,0.000,0.000,0.000,0.000,0.000,0.000,0.000,54.351,1018.460,10.478,0.000,0.000,47.288,0.403,0.000,0.000
kelcet1,Travis Kelce,TE,KC,228.264,31,0.000,0.000,0.000,0.000,0.000,0.000,0.000,0.000,79.313,1203.873,4.973,0.000,0.000,58.588,0.637,0.000,0.000
koehnm1,Marshall Koehn,K,MIN,28.625,,0.000,0.000,0.000,0.000,0.000,0.000,0.000,0.000,0.000,0.000,0.000,0.000,0.000,0.000,0.000,8.675,6.650
forbak1,Kai Forbath,K,MIN,85.875,298,0.000,0.000,0.000,0.000,0.000,0.000,0.000,0.000,0.000,0.000,0.000,0.000,0.000,0.000,0.000,26.025,19.950
gouldr1,Robbie Gould,K,SF,101.200,,0.000,0.000,0.000,0.000,0.000,0.000,0.000,0.000,0.000,0.000,0.000,0.000,0.000,0.000,0.000,28.600,24.200
parkec1,Cody Parkey,K,CLE,101.800,,0.000,0.000,0.000,0.000,0.000,0.000,0.000,0.000,0.000,0.000,0.000,0.000,0.000,0.000,0.000,28.600,24.400
catanc1,Chandler Catanzaro,K,NYJ,102.200,292,0.000,0.000,0.000,0.000,0.000,0.000,0.000,0.000,0.000,0.000,0.000,0.000,0.000,0.000,0.000,25.700,25.500
barthc1,Connor Barth,K,CHI,103.500,,0.000,0.000,0.000,0.000,0.000,0.000,0.000,0.000,0.000,0.000,0.000,0.000,0.000,0.000,0.000,30.300,24.400
zuerlg1,Greg Zuerlein,K,LAR,107.600,,0.000,0.000,0.000,0.000,0.000,0.000,0.000,0.000,0.000,0.000,0.000,0.000,0.000,0.000,0.000,29.000,26.200
franka1,Andrew Franks,K,MIA,111.700,,0.000,0.000,0.000,0.000,0.000,0.000,0.000,0.000,0.000,0.000,0.000,0.000,0.000,0.000,0.000,36.700,25.000
myersj1,Jason Myers,K,JAX,114.900,,0.000,0.000,0.000,0.000,0.000,0.000,0.000,0.000,0.000,0.000,0.000,0.000,0.000,0.000,0.000,35.400,26.500
rosasa1,Aldrick Rosas,K,NYG,115.600,,0.000,0.000,0.000,0.000,0.000,0.000,0.000,0.000,0.000,0.000,0.000,0.000,0.000,0.000,0.000,37.600,26.000
pratem1,Matt Prater,K,DET,115.700,222,0.000,0.000,0.000,0.000,0.000,0.000,0.000,0.000,0.000,0.000,0.000,0.000,0.000,0.000,0.000,35.300,26.800
folkn1,Nick Folk,K,TB,118.000,,0.000,0.000,0.000,0.000,0.000,0.000,0.000,0.000,0.000,0.000,0.000,0.000,0.000,0.000,0.000,40.000,26.000
novakn1,Nick Novak,K,HOU,118.100,248,0.000,0.000,0.000,0.000,0.000,0.000,0.000,0.000,0.000,0.000,0.000,0.000,0.000,0.000,0.000,28.100,30.000
succor1,Ryan Succop,K,TEN,118.400,,0.000,0.000,0.000,0.000,0.000,0.000,0.000,0.000,0.000,0.000,0.000,0.000,0.000,0.000,0.000,45.500,24.300
hauscs1,Steven Hauschka,K,BUF,120.000,236,0.000,0.000,0.000,0.000,0.000,0.000,0.000,0.000,0.000,0.000,0.000,0.000,0.000,0.000,0.000,45.300,24.900
mcmanb1,Brandon McManus,K,DEN,120.100,237,0.000,0.000,0.000,0.000,0.000,0.000,0.000,0.000,0.000,0.000,0.000,0.000,0.000,0.000,0.000,33.700,28.800
lamboj1,Josh Lambo,K,LAC,120.500,,0.000,0.000,0.000,0.000,0.000,0.000,0.000,0.000,0.000,0.000,0.000,0.000,0.000,0.000,0.000,42.200,26.100
vinata1,Adam Vinatieri,K,IND,121.000,193,0.000,0.000,0.000,0.000,0.000,0.000,0.000,0.000,0.000,0.000,0.000,0.000,0.000,0.000,0.000,43.000,26.000
walshb1,Blair Walsh,K,SEA,121.700,217,0.000,0.000,0.000,0.000,0.000,0.000,0.000,0.000,0.000,0.000,0.000,0.000,0.000,0.000,0.000,41.000,26.900
janiks1,Sebastian Janikowski,K,OAK,122.100,195,0.000,0.000,0.000,0.000,0.000,0.000,0.000,0.000,0.000,0.000,0.000,0.000,0.000,0.000,0.000,43.500,26.200
bullor1,Randy Bullock,K,CIN,122.200,,0.000,0.000,0.000,0.000,0.000,0.000,0.000,0.000,0.000,0.000,0.000,0.000,0.000,0.000,0.000,43.600,26.200
dawsop1,Phil Dawson,K,ARI,122.500,258,0.000,0.000,0.000,0.000,0.000,0.000,0.000,0.000,0.000,0.000,0.000,0.000,0.000,0.000,0.000,45.700,25.600
santoc1,Cairo Santos,K,KC,122.600,197,0.000,0.000,0.000,0.000,0.000,0.000,0.000,0.000,0.000,0.000,0.000,0.000,0.000,0.000,0.000,36.500,28.700
hopkid2,Dustin Hopkins,K,WAS,122.600,219,0.000,0.000,0.000,0.000,0.000,0.000,0.000,0.000,0.000,0.000,0.000,0.000,0.000,0.000,0.000,39.800,27.600
boswec1,Chris Boswell,K,PIT,124.200,207,0.000,0.000,0.000,0.000,0.000,0.000,0.000,0.000,0.000,0.000,0.000,0.000,0.000,0.000,0.000,43.500,26.900
ganog1,Graham Gano,K,CAR,126.200,235,0.000,0.000,0.000,0.000,0.000,0.000,0.000,0.000,0.000,0.000,0.000,0.000,0.000,0.000,0.000,41.300,28.300
sturgc1,Caleb Sturgis,K,PHI,126.200,223,0.000,0.000,0.000,0.000,0.000,0.000,0.000,0.000,0.000,0.000,0.000,0.000,0.000,0.000,0.000,37.700,29.500
crosbm1,Mason Crosby,K,GB,128.300,183,0.000,0.000,0.000,0.000,0.000,0.000,0.000,0.000,0.000,0.000,0.000,0.000,0.000,0.000,0.000,47.300,27.000
bryanm1,Matt Bryant,K,ATL,129.400,169,0.000,0.000,0.000,0.000,0.000,0.000,0.000,0.000,0.000,0.000,0.000,0.000,0.000,0.000,0.000,46.000,27.800
bailed1,Dan Bailey,K,DAL,129.500,178,0.000,0.000,0.000,0.000,0.000,0.000,0.000,0.000,0.000,0.000,0.000,0.000,0.000,0.000,0.000,44.000,28.500
lutzw1,Wil Lutz,K,NO,130.700,212,0.000,0.000,0.000,0.000,0.000,0.000,0.000,0.000,0.000,0.000,0.000,0.000,0.000,0.000,0.000,50.600,26.700
tuckej1,Justin Tucker,K,BAL,133.600,161,0.000,0.000,0.000,0.000,0.000,0.000,0.000,0.000,0.000,0.000,0.000,0.000,0.000,0.000,0.000,32.800,33.600
gostks1,Stephen Gostkowski,K,NE,143.400,157,0.000,0.000,0.000,0.000,0.000,0.000,0.000,0.000,0.000,0.000,0.000,0.000,0.000,0.000,0.000,55.200,29.400
